no,name,year,description,developer,genre,ratings,harga,toko_1,alamat_1,toko_2,alamat_2,toko_3,alamat_3
1,Red Dead Redemption II,2018,"Saddle up and roam the Wild West as outlaw Arthur Morgan in, a game that paints a breathtaking open-world canvas where every experience is a masterpiece. In this epic tale of loyalty and survival, engage in high-stakes shootouts, daring train heists, and heart-wrenching choices that'll keep you on the edge of your barstool. This rootin'-tootin' adventure has set the gold standard for narrative-driven action games and will leave fans chomping at the bit for more.",Rockstar Studios,Action-adventure,4.8,386850,SS FONG GAMESTORE,,,,,
2,God of War,2018,"Witness Kratos, the Ghost of Sparta, embark on a thrilling Norse odyssey alongside his son Atreus to spread the ashes of their loved ones, revealing fatherly nuances to a once one-note anti-hero.  satisfying, weighty combat is the cherry on top of its gripping story, rich with Nordic mythology and familial bonds. The game has rejuvenated the franchise, turning it from a hack-n-slash powerhouse into an emotionally resonant experience that'll leave your heart full and your thumbs sore.",SIE Santa Monica Studio,"Role-playing (RPG), Hack and slash/Beat 'em up, Adventure",4.8,286200,,,,,,
3,Marvel's Spider-Man,2018,"Swing through the concrete jungle in, experiencing Peter Parker's life as both a masked hero and a struggling young adult. Combat crime using aerial acrobatics, combo-laden melee, and an arsenal of web-slinging gadgets that'll have you feeling like a genuine wall-crawler. This web-slingin' spectacle redefined superhero games, delivering a poignant interpretation of the beloved character while setting a new benchmark for comic book adaptations in gaming.",Insomniac Games,Superhero,4.7,568500,,,,,,
4,Ghost of Tsushima,2020,"Embrace the way of the samurai in, a narrative-driven epic set during the Mongol invasion of 13th-century Japan. Become Jin Sakai as he battles between honor and newfound tactics to defend his homeland through visceral combat and stealthy assassinations. This visually stunning and emotionally charged game elegantly captures the essence of its setting, carving out a unique space in the open-world genre.",Sucker Punch Productions,"Role-playing (RPG), Hack and slash/Beat 'em up, Adventure",4.8,529500,,,,,,
5,The Last of Us Remastered,2013,"Discover the harrowing tale of Joel and Ellie, two survivors navigating a post-apocalyptic America ravaged by the Cordyceps fungus, in . From tense stealth encounters to adrenaline-fueled shootouts, the grim and grounded gameplay is nothing short of spectacular. A true emotional rollercoaster, this game raised the bar for storytelling in the gaming industry, cementing its legacy as an unforgettable masterpiece.",Naughty Dog,"Shooter, Adventure",4.8,524850,,,,,,
6,Uncharted 4: A Thief's End,2015,"Embark on a globe-trotting treasure hunt with Nathan Drake in , a riveting journey brimming with high-octane action sequences and heartwarming character moments. Engage in thrilling gunplay, exhilarating platforming, and mind-bending puzzles that bring the adrenaline rush of a Hollywood blockbuster to your fingertips. The swan song to a beloved series, this final adventure will leave you breathless and begging for more.",Naughty Dog,"Shooter, Adventure",4.8,521400,,,,,,
7,Horizon Zero Dawn,2017,"Brace yourself for a breathtaking post-apocalyptic world where robotic dinosaurs rule the land in . Play as Aloy, an archer who unravels her origins through a gripping story filled with exploration and tactical, satisfying combat. This truly innovative game has left an indelible mark on the action RPG landscape, offering a fresh take on the genre's conventions.",Guerrilla Games,"Shooter, Role-playing (RPG), Adventure",4.7,479400,,,,,,
8,The Witcher 3: Wild Hunt,2015,"Dive into the morally complex world of Geralt of Rivia in , an engrossing tale of monsters, political intrigue, and tough choices. Battle monstrous beasts and uncover hidden secrets with your silver sword and magical signs, employing nuanced strategies to survive a ruthless world. This sprawling open-world RPG has redefined the genre, with a deep narrative and an immersive world that'll leave you hungering for more.",CD Projekt RED,"Role-playing (RPG), Adventure",4.7,389250,,,,,,
9,Grand Theft Auto V,2013,"Step into the morally murky waters of Los Santos in , an open-world crime epic that lets you live out your criminal fantasies. Pull off audacious heists and wreak havoc in chaotic shootouts as you switch between the game's three protagonists, each with their own enthralling storylines. With a satirical look at modern America, this blockbuster hit has left an indelible mark on gaming history, setting an unprecedented benchmark for open-world experiences.",Rockstar North,"Shooter, Racing, Adventure",4.4,326250,,,,,,
10,Uncharted: the Nathan Drake Collection,2015,"Follow treasure hunter Nathan Drake through perilous jungles, ancient ruins, and snow-capped mountains in the . Experience heart-pounding action, death-defying platforming, and brain-teasing puzzles across three remastered adventures that defined a generation. The collection is a testament to the iconic franchise's enduring popularity, combining electrifying gameplay with unforgettable storytelling.",,,4.8,298500,,,,,,
11,Resident Evil 2 (Remake),2019,"Survive the horrifying confines of Raccoon City as rookie cop Leon S. Kennedy and college student Claire Redfield in the masterful remake of. Face off against hordes of gruesome zombies and monstrous creatures in a nerve-wracking blend of survival horror and puzzle-solving. This lovingly crafted reimagining of a classic game has raised the bar for remakes, delivering modern gameplay while retaining the terror that made the original so iconic.",Capcom Development Division 1,"Shooter, Adventure",4.7,427500,,,,,,
12,Batman: Arkham Knight,2015,"Soar through the rain-soaked streets of Gotham City in , the thrilling conclusion to Rocksteady's acclaimed Arkham series. Utilize an extensive arsenal of gadgets and martial prowess to foil the schemes of iconic villains, all while grappling with the mysterious new threat, the Arkham Knight. A technical marvel, this gripping adventure has cemented the franchise's status as a benchmark for superhero games and dark, atmospheric storytelling.",Rocksteady Studios,"Hack and slash/Beat 'em up, Adventure",4.6,322350,,,,,,
13,Elden Ring,2022,"Enter a dark and twisted world in, the latest brainchild from the minds behind Dark Souls and celebrated author George R.R. Martin. Immerse yourself in a rich, sprawling open world teeming with brutal challenges and terrifying enemies that demand strategic mastery of intense, methodical combat. Destined to make an indelible mark on the action RPG scene, this highly anticipated title is shaping up to be a grim, engrossing experience like no other.",FromSoftware,"Role-playing (RPG), Adventure",4.3,598200,,,,,,
14,Bloodborne,2015,"Plunge into the enigmatic world of Yharnam in , a haunting gothic tale that pits you against unspeakable horrors lurking in the shadows. Engage in fast-paced, aggressive combat as you unravel the mysteries hidden within the sprawling cityscape. A bloody love letter to the series, this visceral adventure whisks players away into a nightmarish dreamscape they'll never forget.",FromSoftware,Action role-playing,4.6,599850,,,,,,
15,The Last of Us Part II,2020,"Venture into the desolate post-pandemic world once more in, a gut-wrenching journey of vengeance where the line between heroes and villains blurs. Step into the shoes of Ellie as she embarks on an emotionally charged odyssey filled with stealthy encounters, riveting gunplay, and brutal melee combat. A bold and polarizing narrative, this ambitious sequel has raised the bar for character-driven storytelling, reaffirming the franchise's place in gaming history.",Naughty Dog,"Shooter, Adventure",3,524850,,,,,,
16,The Elder Scrolls V: Skyrim Anniversary Edition,2021,"Delve into the vast, snow-capped expanse of Tamriel in , an open-world epic where dragons reign supreme and heroes are forged. Create your ideal adventurer and embark on an immersive quest filled with branching storylines, thrilling combat, and a sprawling world ripe for exploration. A testament to the game's lasting legacy, this definitive edition breathes new life into a timeless RPG classic, solidifying Skyrim's place in the annals of gaming history.",Bethesda Game Studios,Role-playing game,2.9,387000,,,,,,
17,Resident Evil 7: Biohazard,2017,"Discover the sinister secrets that lie within the Baker family plantation in , a chilling return to the series' survival horror roots. Explore a macabre, claustrophobic environment through a first-person perspective, engaging in tense shootouts and nerve-racking stealth sequences. This gripping reinvention has breathed new life into the classic franchise, providing fans with an unforgettable blend of terror and tension.",Capcom,"Shooter, Puzzle, Adventure",4.3,337050,,,,,,
18,Fallout 4,2015,"Step out of Vault 111 and into the post-apocalyptic wasteland of , a sprawling open-world adventure where humanity clings to the remnants of civilization. Craft your own story as the Sole Survivor, battling mutated creatures and warring factions while modding weapons, building settlements, and making tough moral choices. A radioactive delight, proved once again that, in the world of RPGs, nothing quite captures the imagination like the end of the world.",Bethesda Game Studios,"Shooter, Role-playing (RPG)",3.6,749850,,,,,,
19,Days Gone,2019,"Jump on the saddle and ride through a post-apocalyptic world ravaged by a deadly pandemic in . As biker and bounty hunter Deacon St. John, you'll face hordes of Freakers, marauding bandits, and heart-wrenching decisions, all set against an unforgiving, yet beautiful open world. With its compelling story and relentless action, has cemented itself as a unique and thrilling addition to the zombie apocalypse genre.",SIE Bend Studio,"Shooter, Adventure",4.7,399150,,,,,,
20,Assassin's Creed IV: Black Flag,2013,"Hoist the Jolly Roger and take to the high seas in , a swashbuckling adventure set in the golden age of piracy. Step into the boots of Edward Kenway, a charismatic pirate-turned-Assassin, as he navigates treacherous waters filled with ruthless naval combat, daring ship battles, and hidden treasures. This crowd-pleasing installment in the  franchise has carved a special place in gamers' hearts, setting sail as one of the most captivating entries to date.","Ubisoft Ukraine, Ubisoft Romania, Ubisoft Quebec, Ubisoft Montreal, Ubisoft Montpellier","Action-adventure game, Stealth game",4.6,329850,,,,,,
21,Doom,2016,"Rip and tear your way through the hordes of Hell in , the bombastic reboot of the classic FPS series that defined a genre. Armed with an arsenal of devastating weaponry, obliterate demons and leave a path of destruction in your wake. This adrenaline-fueled, blood-soaked adventure is a love letter to the golden age of shooters, injecting a modern edge into a classic formula.",id Software,"Shooter, Puzzle",4.7,524850,,,,,,
22,Tomb Raider: Definitive Edition,2013,"Rebooting and redefining an icon,  thrusts players into the gritty origin story of Lara Croft as she evolves from a vulnerable survivor into the fearless explorer we love. Navigate treacherous environments, engage in visceral combat, and uncover ancient mysteries in this cinematic adventure. With an emotionally charged narrative and gripping gameplay,  proved that even old dogs can learn new tricks.",Crystal Dynamics,"Shooter, Platform, Puzzle, Adventure",4.8,306750,,,,,,
23,Rise of the Tomb Raider,2015,"Lara Croft returns in , further fusing thrilling action and captivating exploration in her pursuit of the secret to eternal life. Delve into labyrinthine tombs, master a ruthless environment, and face off against deadly foes in this pulse-pounding adventure. With its breathtaking visuals and engaging gameplay, Lara's latest journey has raised the bar for the action-adventure genre.",Crystal Dynamics,"Shooter, Adventure",4.6,355500,,,,,,
24,Sekiro: Shadows Die Twice,2019,"Step into the shoes of a shinobi in , a brutally challenging action game set against the backdrop of a war-torn Japan. Hone your blade and augment your prosthetic arm as you engage in white-knuckle duels and death-defying traversal. A heart-pounding fusion of strategy and skill,  is a testament to the unyielding spirit of the shinobi.",FromSoftware,Adventure,4.4,719850,,,,,,
25,Nier Autometa,2017,"Take on the role of combat androids 2B, 9S, and A2 in , a post-apocalyptic tale that seamlessly blends action-packed combat and philosophical themes. Battle against mechanical adversaries, explore a desolate world, and unravel the mysteries of humanity's tragic downfall. Praised for its unique storytelling and innovative gameplay,is a bold and striking reminder of the transformative power of video games as an art form.",PlatinumGames,"Role-playing (RPG), Hack and slash/Beat 'em up",4.8,330000,,,,,,
26,Uncharted: The Lost Legacy,2017,"Join fan-favorite characters Chloe Frazer and Nadine Ross in as they embark on their own thrilling adventure filled with breathtaking set pieces and brain-scratching puzzles. Trek through the lush landscapes of India in search of an ancient artifact while forging a deep bond between the two strong-willed protagonists. This stand-alone expansion proves that even without Nathan Drake, the  universe still packs a wallop.",Naughty Dog,"Shooter, Puzzle, Adventure",4.6,591450,,,,,,
27,Dark Souls III,2016,"Embark on a quest to rekindle the fading flame in, an unforgiving action RPG that rewards patience, persistence, and strategic mastery. Battle grotesque and fearsome foes in a dark, interconnected world, honing your skills with each hard-won victory. A punishing yet rewarding journey, stands as a fitting farewell to a groundbreaking series that redefined an entire genre.",FromSoftware,"Role-playing (RPG), Adventure",4.6,339000,,,,,,
28,Middle-earth: Shadow of Mordor,2014,"Set foot in the perilous land of Mordor in , a gripping action RPG that delves into the rich lore of J.R.R. Tolkien's universe. Play as Talion, a ranger bonded with a vengeful spirit, who wields powerful abilities to dominate his enemies using the revolutionary Nemesis System. An engaging blend of stealth, combat, and exploration,  offers fans a unique, immersive excursion to the heart of darkness.",Monolith Productions,"Role-playing (RPG), Hack and slash/Beat 'em up, Adventure",4.4,374850,,,,,,
29,Dying Light,2014,"Leap into a post-apocalyptic city teeming with zombies in , a first-person action-survival game where parkour is just as important as combat. As undercover operative Kyle Crane, navigate treacherous urban environments, scavenge for resources, and face off against horrifying monsters while uncovering a dark conspiracy. With its dynamic day-night cycle and nail-biting gameplay, is a breath of fresh air in the zombie action genre.",Techland,"Survival horror, First-person Shooter",4.6,599850,,,,,,
30,Assassin's Creed II,2009,"Experience the Renaissance through the eyes of Ezio Auditore in, a groundbreaking sequel that leaps leaps and bounds beyond its predecessor. Traverse iconic Italian cities, infiltrate secretive organizations, and master the ancient art of the Assassins in this stylish, open-world adventure. A true revolution in the series,  set the stage for years of captivating historical escapades.",Ubisoft Montreal,"Platform, Adventure",4.8,403950,,,,,,
31,Until Dawn,2015,"Test your survival instincts in , a cinematic horror experience where every choice you make can mean life or death for a group of friends trapped on a remote mountain getaway. As supernatural forces and twisted secrets haunt their every step, the fate of the characters hangs on your decisions, ensuring that no two playthroughs are the same. With its gripping narrative and innovative branching storylines, is a chilling interactive movie that'll keep you on the edge of your seat.",Supermassive Games,Adventure,4.7,449850,,,,,,
32,Persona 5,2016,"Unmask the darkness lurking beneath the surface in, a stylish JRPG that boldly tackles themes of societal corruption and personal identity. Assemble an eclectic group of Phantom Thieves while managing everyday school life, ultimately delving into twisted cognitive realms to steal hearts and spark change. A critically acclaimed masterpiece,  has left an indelible stamp on the genre, proving that even the most time-honored traditions can be shaken up and reinvigorated.",Atlus,"Role-playing (RPG), Turn-based strategy (TBS), Adventure",4.7,412350,,,,,,
33,Final Fantasy VII Remake,2020,"Relive the magic of a timeless classic in , a visually stunning reimagining of one of the most beloved RPGs in gaming history. Follow Cloud Strife and his eclectic band of eco-terrorists as they fight for the planet against the malevolent Shinra corporation, all while exploring a dense, detailed recreation of the original's iconic setting. A faithful yet innovative homage to the original,  has forged a legacy all its own, proving that even the most sacred titles can be reborn.",Square Enix Creative Business Unit I,"Role-playing (RPG), Adventure",4.4,598650,,,,,,
34,Metal Gear Solid V: The Phantom Pain,2015,"Embrace the role of Big Boss in , the thrilling final chapter of Hideo Kojima's legendary stealth-action saga. Build and manage your own private army as you embark on an engrossing geopolitical tale set in a sprawling, open-world battlefield. A true magnum opus,  encapsulates the essence of the series while boldly forging new paths, ensuring its place in gaming history as a fitting swan song for the beloved franchise.",Kojima Productions,"Shooter, Tactical, Adventure",4.7,441600,,,,,,
35,Infamous: Second Son,2014,"Wield extraordinary powers in, an open-world adventure that puts you in the shoes of Delsin Rowe, a young man gifted with dangerous abilities. As a Conduit, navigate the vibrant cityscape of Seattle, battling enemies and choosing your moral path through a gripping narrative. A standout entry in the series,  has blazed a trail for the superhero genre, offering players the chance to shape their own destiny.",Sucker Punch Productions,"Shooter, Platform, Adventure",4.6,431100,,,,,,
36,Monster Hunter: World,2018,"Sharpen your blades and prepare for the hunt in , an exhilarating action RPG teeming with colossal creatures and lush ecosystems just begging to be explored. Team up with friends or go solo as you track, trap, and slay your quarry, all while crafting ever more powerful gear. This entry in the beloved series has catapulted the franchise into the mainstream, earning it legions of dedicated fans and proving that hunters will always have a home.",Capcom,"Role-playing (RPG), Adventure",4.4,405000,,,,,,
37,Mortal Kombat X,2015,"Step into the arena and prepare for brutal, bone-crunching combat in, the latest installment in the iconic fighting game series. Showcase your skills with a roster of fan-favorite characters and newcomers alike, utilizing fluid combo systems and devastating finishing moves to annihilate your opponents. Violent, visceral, and downright addictive, has cemented the franchise's place in the upper echelon of the fighting game genre.",NetherRealm Studios,Fighting,4.2,269850,,,,,,
38,Far Cry 4,2014,"Venture into the heart of the Himalayas in, an open-world adventure filled with breathtaking vistas, ruthless foes, and explosive action. As Ajay Ghale, overthrow the tyrannical Pagan Min's reign by forming alliances, mastering a diverse arsenal of weapons, and unleashing chaos on the vast, untamed world of Kyrat. With its thrilling gameplay and immersive storytelling,  has set the benchmark for the series, delivering an action-packed experience like no other.",Ubisoft Montreal,"FPS,",4.6,201715,,,,,,
39,Hitman,2016,"Step into the meticulously crafted shoes of Agent 47 in , a stylish stealth-action game that puts your creativity and cunning to the test. Travel the globe, infiltrating high-security locations and eliminating targets with ruthless precision, all while using your environment to plan and execute the perfect kill. With its gripping episodic narrative and sandbox-style gameplay, has redefined the stealth genre, offering players a truly immersive assassination experience.",IO Interactive,"Shooter, Tactical, Adventure",4,389850,,,,,,
40,Final Fantasy XV,2016,"Embark on an unforgettable road trip with Noctis and his loyal friends in , an epic fantasy adventure brimming with deep character relationships and heartrending moments. Explore a vibrant open world, engage in exciting real-time combat, and uncover hidden secrets as you fight to reclaim your throne. A touching exploration of friendship and destiny,  has earned its place among the series' most cherished entries.",Square Enix Business Division 2,"Role-playing (RPG), Hack and slash/Beat 'em up, Adventure",4.3,322350,,,,,,
41,Rocket League,2015,"Rev your engines and hit the pitch in , a high-octane blend of soccer and vehicular mayhem that's taken the gaming world by storm. Score goals and pull off gravity-defying stunts in thrilling one-on-one or team-based matches, mastering a unique control scheme that rewards skill and perseverance. With its addictive gameplay and seemingly endless replay value,  has captured the hearts of gamers everywhere, proving that sometimes, the simplest ideas are the most effective.",Psyonix,"Racing, Sport, Indie",4.1,1229850,,,,,,
42,Stray,2022,"Embark on a thrilling adventure through a neon-lit dystopia as a lost cat in , an enchanting action-adventure game set in a world inhabited by robots. Utilize feline agility, stealth, and cunning to navigate treacherous environments and unravel the mysteries of this captivating metropolis. A love letter to our furry companions, promises to be an unforgettable gaming experience that tugs at the heartstrings.",BlueTwelve Studio,"Adventure, Indie",4.8,325500,,,,,,
43,Teenage Mutant Ninja Turtles: Shredder's Revenge,2022,"Cowabunga! Don your shells once more in , a retro-styled beat 'em up that faithfully captures the spirit of the classic cartoon. Join Leonardo, Raphael, Michelangelo, and Donatello in their quest to foil the evil Shredder's dastardly plans, all while enjoying fast-paced, co-op-friendly gameplay. A bodacious blast from the past, Shredder's Revenge is the ultimate love letter to fans of the original games and the heroes in a half-shell.",Tribute Games,"Hack and slash/Beat 'em up, Indie, Arcade",4.5,439350,,,,,,
44,Hades,2020,"A rogue-lite dungeon crawler where Zagreus, son of Hades, battles through the underworld in Hades.",Supergiant Games,"Role-playing (RPG), Hack and slash/Beat 'em up, Adventure, Indie",4.7,299850,,,,,,
45,Mortal Kombat 11,2019,"Mortal Kombat is back in Mortal Kombat 11, featuring custom character variations and cinematic story mode.",NetherRealm Studios,Fighting,4.4,356250,,,,,,
46,Kingdom Hearts III,2019,"Reunite with Sora, Donald, and Goofy in , the climactic chapter to an iconic series that weaves together the colorful worlds of Disney and the captivating characters of Final Fantasy. Traverse enchanting realms, engage in fast-paced combat, and uncover the secrets of the Keyblade in this heartwarming adventure. A loving tribute to the magic of all things Disney,  is a visual feast, brimming with friendship, courage, and wonderment.",Square Enix Business Division 3,"Role-playing (RPG), Hack and slash/Beat 'em up, Adventure",3.6,209250,,,,,,
47,Life is Strange,2015,"Immerse yourself in the nostalgic world of Arcadia Bay in , an episodic adventure game that explores themes of friendship, love, and loss. Follow high school student Max Caulfield as she discovers her ability to rewind time, shaping the story through her choices and forging deep bonds with unforgettable characters. A poignant examination of the human experience,has captured the hearts of players around the world, proving that sometimes, life is stranger than fiction.",,,3.45,329850,,,,,,
48,A Way Out,2018,,Hazelight Studios,Adventure,4.4,606300,,,,,,
49,The Outer Worlds,2019,"Journey to the far reaches of the cosmos in , a first-person RPG that balances dark humor with thought-provoking storytelling. As a spacefaring adventurer, assemble a crew and explore richly detailed planets, battling corporate overlords and ferocious alien creatures along the way. A true spiritual successor to classic sci-fi titles,  has carved out a delightful niche for itself, blending humor, action, and meaningful choices into a singular gaming experience.",Obsidian Entertainment,"Shooter, Role-playing (RPG), Adventure",4.3,319200,,,,,,
50,Marvel's Guardians of the Galaxy,2021,"Join the ragtag crew of the Milano in , a cosmic action-adventure filled with witty banter and pulse-pounding battles. As Star-Lord, guide the disparate heroes through stunning interstellar landscapes while making choices that define the course of their journey. With its engaging narrative, vibrant visuals, and unforgettable characters, is a galactic thrill-ride that'll leave you hooked on a feeling.",Eidos Montréal,"Shooter, Role-playing (RPG), Adventure",4.7,411900,,,,,,
51,Yakuza 0,2015,"The glitz, glamour, and unbridled decadence of the 80s are back! Yakuza 0 is a prequel set in 1988 to the Yakuza series, taking place before the first game. Fight like hell through Tokyo and Osaka with protagonist Kazuma Kiryu and series regular Goro Majima. Play as Kazuma Kiryu and discover how he finds himself in a world of trouble when a simple debt collection goes wrong and his mark winds up murdered. Then, step into the silver-toed shoes of Goro Majima and explore his “normal” life as the proprietor of a cabaret club.",Ryu ga Gotoku Studios,"Role-playing (RPG), Simulator, Hack and slash/Beat 'em up, Adventure",4.7,260000,,,,,,
52,Teenage Mutant Ninja Turtles: The Cowabunga Collection,2022,"Get ready for a tubular trip down memory lane in , a compilation of classic TMNT games spanning multiple generations. From side-scrolling beat 'em ups to arcade-style fighters, relive your favorite moments with Leonardo, Raphael, Michelangelo, and Donatello across an array of gaming gems. A radical celebration of the heroes in a half-shell,  is stocked to the gills with pizza-fueled nostalgia.",Digital Eclipse,"Fighting, Platform, Hack and slash/Beat 'em up, Adventure, Arcade",3.95,169000,,,,,,
53,Dragon Age: Inquisition,2014,"Dragon Age: Inquisition is a role-playing game and the third main game in the Dragon Age series. It is set in the Thedas continent, the same fantasy world as the two previous games. It consist of two large countries: Ferelden (from Dragon Age: Origins) and Orlais, as well as the land inbetween. True to the spirit of the series the character can be customized for appearance, sex, class and race. The available races are dwarf, elf, human, and Qunari and the classes are mage, rogue, and warrior with three specializations each. To grow the Inquisition experience needs to be earned by completing quests, which allows the player to further define allegiances and pursue romances. A custom party can be defined and each member benefits from experience as it opens up access to better weapons and more abilities. Power points open up new areas and Inquisition points define the influence over the region; each new level provides a perk that benefits the entire Inquisition.",BioWare Edmonton,"Role-playing (RPG), Tactical, Adventure",4.4,479000,,,,,,
54,Psychonauts 2,2021,"Psychonauts 2 is a mind-bending trip through the strange worlds hiding inside our brains. Freshly-minted special agent and acrobat extraordinaire Razputin “Raz” Aquato returns to unpack emotional baggage and expand mental horizons. Along the way he’ll help new friends, like this magical mote of light voiced (and sung) by Jack Black. Raz must use his powers to unravel dark mysteries about the Psychonauts team and his own family origins.",Double Fine Productions,"Platform, Adventure",4.8,249000,,,,,,
55,Far Cry 6,2021,"Dive into the gritty world of a modern-day guerrilla revolution to liberate a nation from its oppressive dictators. Welcome to Yara, a tropical paradise frozen in time. Far Cry 6 thrusts players into a modern-day guerrilla revolution. As dictator of Yara, Anton Castillo is intent on restoring his nation back to its former glory by any means, with his son, Diego, following in his bloody footsteps. Become a guerrilla fighter and liberate Yara.",Ubisoft Toronto,"Shooter, Adventure",3.6,619000,,,,,,
56,Fall Guys: Ultimate Knockout,2020,"Fall Guys: Ultimate Knockout is a multiplayer video game developed by Mediatonic and published by Devolver Digital. It was announced at E3 in June 2019, for Microsoft Windows and PlayStation 4, and was released on August 4, 2020. It is heavily inspired by obstacle racing TV games like Takeshi's Castle, Wipeout or Ninja Warrior, where 60 players have to overcome challenges and various obstacles without failing to grab the only crown and become the winner. Prior to release, it was announced that Fall Guys would be free for PlayStation Plus members.",Mediatonic,"Battle royale, Multiplayer, Platform",4,125000,,,,,,
57,Diablo III: Ultimate Evil Edition,2012,"Diablo III is the third installment in Blizzard's franchise. The game, like its predecessors, is a dungeon crawler in which the player fights against hordes of enemies ranging from beasts and undead to actual demons. The game has four acts, two game modes (normal and hardcore) as well as four difficulty levels: Normal, Nightmare, Hell and Inferno. A new addition to Diablo III is the auction house, where items are exchanged for in-game gold or real money, also usable to purchase Blizzard merchandise. The game features a wide array of achievements earned upon meeting certain requirements.",Blizzard Entertainment,"Role-playing (RPG), Hack and slash/Beat 'em up, Adventure",4.6,450000,,,,,,
58,Death Stranding,2019,"From legendary game creator Hideo Kojima comes an all-new, genre-defying open world action adventure, starring Norman Reedus, Mads Mikkelsen, Léa Seydoux and Lindsay Wagner. In the near future, mysterious explosions have rocked the globe, setting off a series of supernatural events known as the Death Stranding. With otherworldly creatures plaguing the landscape, and mass extinction imminent, it’s up to Sam Porter Bridges to travel across the ravaged wasteland and save humanity from impending annihilation.",Kojima Productions,"Shooter, Role-playing (RPG), Adventure",4.3,173000,,,,,,
59,Dishonored 2,2016,"Dishonored 2 is a first-person action video game and the sequel to Dishonored. It borrows many of the gameplay elements from the first opus: players define their own play style by blending action, assassination, stealth, mobility and combat. Combining tools at their disposal, players are allowed options to eliminate enemies, whether they choose to pursue them unseen or ruthlessly attack head on. Dishonored 2 features the same campaign style as its predecessor in which the protagonist must advance through a series of missions.",Arkane Studios,"Shooter, Role-playing (RPG), Adventure",4.6,400000,,,,,,
60,Injustice 2,2017,"Power up and build the ultimate version of your favorite DC legends in INJUSTICE 2. With a massive selection of DC Super Heroes and Super-Villains, INJUSTICE 2 allows you to equip every iconic character with unique and powerful gear earned throughout the game. Experience an unprecedented level of control over how your favorite characters look, how they fight, and how they develop across a huge variety of game modes. This is your super Hero. Your Journey. Your Injustice.",NetherRealm Studios,Fighting,4.5,209000,,,,,,
61,Mad Max,2015,Mad Max is a post-apocalyptic action game developed and published by Mindscape for the Nintendo Entertainment System in 1990. The game is based on the 1981 Australian film Mad Max 2.,Mindscape Group,"Action game, Racing video game",4.6,289000,,,,,,
62,Wolfenstein II: The New Colossus,2017,"Wolfenstein II: The New Colossus is the eleventh installment of the Wolfenstein series and a sequel to the 2014's Wolfenstein: The New Order. The game follows the main protagonist, William Joseph ""B.J."" Blazkowicz, in his efforts to ignite a Second American Revolution. The game is played from a first-person perspective and most of its levels are navigated on foot. The story is arranged in chapters, which players complete in order to progress. A binary choice in the prologue alters the game's entire storyline; some characters and small plot points are replaced throughout the timelines. The game features a variety of weapons, most of which can be dual wielded. A cover system is also present.",MachineGames,"Shooter, Adventure",4.6,420000,,,,,,
63,Alien: Isolation,2014,"Alien: Isolation is a survival horror game based on the Alien franchise. As Amanda Ripley, daughter of Ellen Ripley, you will navigate through an increasingly volatile world as you find yourself confronted on all sides by a panicked population and an unpredictable Alien. You must scavenge resources, improvise solutions and use your wits, not just to succeed in your mission but to simply stay alive. In addition to the main story mode there's Survivor mode in which the player needs to escape from a specially designed map fulfilling secondary objectives along the way, while being aggressively hunted by the alien. This mode includes online leaderboards.",The Creative Assembly,Adventure,3.9,589000,,,,,,
64,Journey,2012,"A third-person adventure game in which the player, controlling a robed figure, makes a pilgrimage through a desert landscape to a rugged mountain with a beacon of light in the distance while uncovering the history of their people, rescuing and cooperating with friendly creatures, avoiding predatory ones and communicating with other travelers.",ThatGameCompany,"Platform, Adventure",4.7,126000,,,,,,
65,Metro Exodus,2019,"Metro Exodus is an epic, story-driven first person shooter from 4A Games that blends deadly combat and stealth with exploration and survival horror in one of the most immersive game worlds ever created. Explore the Russian wilderness across vast, non-linear levels and follow a thrilling story-line that spans an entire year through spring, summer and autumn to the depths of nuclear winter. Inspired by the novels of Dmitry Glukhovsky, Metro Exodus continues Artyom’s story in the greatest Metro adventure yet.",4A Games,"Shooter, Adventure",4.5,321000,,,,,,
66,A Plague Tale: Innocence,2019,"A Plague Tale: Innocence, on PlayStation 4, Xbox One and PC, tells the grim story of two siblings fighting together for survival in the darkest hours of History. This new video game from Asobo Studio sends you on an emotional journey through 14th-century France, with gameplay combining adventure, action and stealth, supported by a compelling story. Follow the young Amicia and her little brother Hugo, who face the brutality of a ravaged world as they discover their purpose to expose a dark secret. On the run from the Inquisition's soldiers, surrounded by unstoppable swarms of rats incarnating the Black Death, Amicia and Hugo will learn to know and trust each other as they struggle for their lives against all odds.",Asobo Studio,"Role-playing (RPG), Adventure",4.7,349000,,,,,,
67,Far Cry Primal,2016,"Far Cry Primal is an action-adventure video game developed by Ubisoft Montreal and published by Ubisoft. The game is a spin-off of the main Far Cry series and was released for PlayStation 4, Xbox One, and PC in 2016. The game revolves around the story of Takkar, who starts off as an unarmed hunter and rises to become the leader of a tribe.",Ubisoft Montreal,Action-adventure,4.7,499000,,,,,,
68,Battlefield 4,2013,"Battlefield 4 is the genre-defining action blockbuster created by Dice, and made from moments that blur the line between game and glory, moments found only in Battlefield. Go to Boot Camp to learn the basics of Battlefield 4's engaging single player and intense multiplayer mode. Here you'll also find intel on Levolution, Commander Mode, Naval Warfare and many more exciting game features.",EA Digital Illusions CE,Shooter,4.4,479000,,,,,,
69,Tom Clancy's Rainbow Six Siege,2015,Tom Clancy's Rainbow Six Siege is a 2015 online tactical shooter video game developed by Ubisoft Montreal and published by Ubisoft. The game puts heavy emphasis on environmental destruction and cooperation between players.,Ubisoft Montreal,"Shooter, Tactical",3.9,229000,,,,,,
70,Minecraft: PlayStation 4 Edition,2011,"Minecraft is a sandbox independent video game originally created by Swedish programmer Markus ""Notch"" Persson and later developed and published by the Swedish company Mojang. The creative and building aspects of Minecraft allow players to build constructions out of textured cubes in a 3D procedurally generated world. Other activities in the game include exploration, gathering resources, crafting, and combat. Multiple gameplay modes are available, including survival modes where the player must acquire resources to build the world and maintain health, a creative mode where players have unlimited resources to build with and the ability to fly, and an adventure mode where players play custom maps created by other players. The alpha version was publicly released for PC on May 17, 2009, and after gradual updates, the full version was released on November 18, 2011. A version for Android was released a month earlier on October 7, and an iOS version was released on November 17, 2011.","4J Studios, Mojang","Open world, Action game, Sandbox",4.8,279000,,,,,,
71,Rayman Legends,2013,"Originally thought as an exclusive title, Rayman Legends used the Wii U Gamepad for some functionalities. After going multiplatform, the Wii U and PlayStation Vita versions of Rayman Legends gave the ability to control Murphy in certain stages through touch controls. This interaction was removed from the other versions.",Ubisoft Montpellier,"Platform, Adventure",4.7,205000,,,,,,
72,Wolfenstein: the New Order,2014,"Wolfenstein: The New Order is an action-adventure shooter game played from a first-person perspective. It is the semi-sequel to 2009's Wolfenstein, however utilizes very little from the game and drops any direct references to veil or supernatural. To progress through the story, the player battle enemies throughout levels. The game utilizes a health system in which players' health is divided into separate sections that regenerate; if an entire section is lost, the player must use a health pack to replenish the missing health. In combat, a cover system can be used as assistance against enemies. The player have the ability to lean around, over, and under cover, which can be used as a tactical advantage during shootouts and stealth levels. The game gives the player a wide variety of weapon options—they can be found on the ground, retrieved from dead enemies, or removed from their stationary position and carried around.",MachineGames,"Shooter, Adventure",4.5,266000,,,,,,
73,Tiny Tina's Wonderlands,2022,"Embark on an epic adventure full of whimsy, wonder, and high-powered weaponry! Bullets, magic, and broadswords collide across this chaotic fantasy world brought to life by the unpredictable Tiny Tina.",Gearbox Software,"Shooter, Role-playing (RPG), Adventure",3.7,659000,,,,,,
74,No More Heroes III,2021,"The latest numbered entry in the No More Heroes series. Fight your way to the top of the Galactic Superhero Rankings! The legendary assassin Travis Touchdown makes his glorious return to the Madness in the No More Heroes 3 game, exclusively on the Nintendo Switch system!",Grasshopper Manufacture,Hack and slash/Beat 'em up,4.5,499000,,,,,,
75,Assassin's Creed Syndicate,2015,"London, 1868. The Industrial Revolution unleashes an incredible age of invention, transforming the lives of millions with technologies once thought impossible. Opportunities created during this period have people rushing to London to engage in this new world, a world no longer controlled by kings, emperors, politicians, or religion, but by a new common denominator: money. Not everyone is able to enjoy the benefits of this boom, however. Despite fueling the engine of the British Empire, workers’ lives are little more than legalized slavery while the top few percent profit from their labor. Living poor and dying young, the lower class unite in protest as a new kind of family, gangs, who turn to a life in the underworld in their struggle to survive. A struggle, until watchful Assassins come to their side and re-ignite an age-old conflict involving London’s leaders that will echo throughout modern history, from the underground up. Introducing Jacob Frye, who with the help of his twin sister Evie, will change the fate of millions in Assassin’s Creed Syndicate. Rise to rally and lead the underworld to break the corrupt stranglehold on London in a visceral adventure filled with action, intrigue, and brutal combat.",Ubisoft Québec,Adventure,4.3,107000,,,,,,
76,Nioh,2017,"In Nioh, players will traverse war-torn Japan as William, a blonde-haired swordsman whose background as a fierce warrior and seasoned knowledge of the blade allows him to survive in the demon-plagued land of the samurai. Known as Yokai, these demons inhabit a number of dangerous locations and lie in wait in the shadows to ambush unsuspecting victims. Players will also face off with other samurai in supernatural sword battles and intense, multi-target engagements offering a level of difficulty that will truly test even the most hardened samurai’s skills, patience, and strategy. Offering a deep and original storyline that takes place during the Warring States Period of Japanese history alongside strategic sword-fighting action, Nioh will challenge players in a way that makes every mission and accomplishment feel earned and worthwhile.",Team NINJA,"Role-playing (RPG), Hack and slash/Beat 'em up, Adventure",4.1,642000,,,,,,
77,Diablo II: Resurrected,2021,"Diablo II: Resurrected breathes new life into Blizzard Entertainment’s acclaimed ARPG and its expansion, Diablo II: Lord of Destruction, from beginning to end. Return to fight for Sanctuary and discover the fate of the mysterious Dark Wanderer rebuilt in all-new 3D graphics, brand-new cinematics, remastered audio… and the same classic Diablo II gameplay you remember.",Blizzard Entertainment,"Role-playing (RPG), Hack and slash/Beat 'em up, Adventure",3.1,179000,,,,,,
78,Destroy All Humans!,2020,"A remake of Destroy All Humans!, an action-adventure video game that stands as the inaugural entry in the Destroy All Humans! franchise. It unfolds in 1959 in the United States. The game satirises the lifestyles, pop culture, and political attitudes of that era. Players take on the role of Cryptosporidium 137, a member of the fictional alien race known as ""Furons."" Functioning as a Furon spy hitman, Cryptosporidium 137 invades Earth with the mission of harvesting human DNA to sustain the cloning process for his species. The remake features new missions, control schemes, upgrades, skins, abilities, and graphical enhancements.",Black Forest Games,"Shooter, Adventure",4.3,600000,,,,,,
79,Stranded Deep,2020,"Stranded Deep is a survival video game developed and published by Beam Team Games. The game was released for PlayStation 4, Xbox One, and PC on 2020. Set in the Pacific Ocean, a plane crash survivor finds themselves faced with some of the most life-threatening scenarios found in the middle of the ocean.",Beam Team Games,"Survival, Open world",3.4,109000,,,,,,
80,Chivalry 2,2021,"Chivalry 2 is a multiplayer hack and slash action game developed by Torn Banner Studios and published by Tripwire Interactive. The game was released in 2021 for for PlayStation 5, Xbox X/S, PC, PlayStation 4, and Xbox One. Sequel to Chivalry: Medieval Warfare, the game tasks players to compete in fast-paced medieval warfare against other players in order to complete their objectives to win the game.",Torn Banner Studios,"Action, Hack and slash, Multiplayer",3.5,170000,,,,,,
81,Overwatch,2016,"Join the fight for the future in the world of Overwatch and choose your hero from a diverse cast of soldiers, scientists, adventurers, and oddities. Bend time, defy physics, and unleash a dizzying array of extraordinary powers and weapons. Engage your enemies in iconic locations from around the globe in the ultimate team-based shooter.",Blizzard Entertainment,"Shooter, Strategy",3.8,589000,,,,,,
82,Scarlet Nexus,2021,"In a far distant future, a psionic hormone was discovered in the human brain, granting people extra-sensory powers and changing the world as we know it. Just as humanity was entering this new era, deranged mutants known as Others began to descend from the sky with a thirst for human brains. Highly resistant to conventional attack methods, extreme measures needed to be taken to battle the overwhelming threat and preserve humanity. Those with acute extra-sensory abilities, known as psionics, were our chance to fight the onslaught from above. To this day, psionics have been scouted for their talents and recruited to the Other Suppression Force (OSF), humanity’s last line of defense. Take on the role of Yuito Sumeragi, a new recruit to the OSF aiming to become an elite psionic like the one who saved him as a child. Armed with a talent in psycho-kinesis, explore the futuristic city of New Himuka and uncover the mysteries of a Brain Punk future caught between technology and psychic abilities in SCARLET NEXUS.",Bandai Namco Studios,"Role-playing (RPG), Adventure",4.6,1229000,,,,,,
83,Tales of Arise,2021,"On the planet Dahna, reverence has always been given to Rena--the planet in the sky--as a land of the righteous and divine. Stories handed down for generations became truth and masked reality for the people of Dahna. For 300 years, Rena has ruled over Dahna, pillaging the planet of its resources and stripping people of their dignity and freedom. Our tale begins with two people, born on different worlds, each looking to change their fate and create a new future. Featuring a diverse cast of characters, intuitive and rewarding combat system, and a captivating story set in a lush world worth fighting for, Tales of Arise delivers a first-class JRPG experience.",Bandai Namco Studios,"Role-playing (RPG), Adventure",4.7,399000,,,,,,
84,Lost Judgment,2021,"Lost Judgment is an action-adventure video game developed by Ryu Ga Gotoku Studio and published by Sega. A sequel to the 2018 game Judgment (a spin-off of the Like a Dragon series), the game focuses on private detective Takayuki Yagami as he investigates a criminal accused of both sexual harassment and murder Joined by his partner, ex-yakuza Masaharu Kaito, the crime-fighting duo is called on to investigate a seemingly perfect crime whose lead suspect has an airtight alibi. What starts as a tale of revenge reveals a tangled web of conspiracy involving several unlikely factions taking advantage of a broken law system. But as victims pile up and Yagami unravels the truth, he must choose between defending the law or exacting justice.",Ryu ga Gotoku Studios,"Role-playing (RPG), Hack and slash/Beat 'em up, Adventure",4.5,609000,,,,,,
85,Deus Ex: Mankind Divided,2016,"Deus Ex: Mankind Divided directly follows the aftermath of the Aug Incident, a day when mechanically augmented citizens all over the world were stripped of control over their minds and bodies, resulting in the deaths of millions of innocents. The year is now 2029, and the golden era of augmentations is over. Mechanically augmented humans have been deemed outcasts and segregated from the rest of society. Crime and acts of terror serve as a thin veil to cover up an overarching conspiracy aimed at controlling the future of mankind…",Eidos Montréal,"Shooter, Puzzle, Role-playing (RPG), Adventure",4.4,488000,,,,,,
86,Guilty Gear Strive,2021,"Guilty Gear Strive is a fighting game developed and published by Arc System Works. The game was released in 2021 for PlayStation 5, PlayStation 4, and PC. The seventh mainline installment of the Guilty Gear series, as it continues the story after the events of Guilty Gear Xrd concluding Sol Badguy's story.",Arc System Works,Fighting,4.1,599000,,,,,,
87,Nioh 2,2020,"Master the lethal arts of the samurai as a mysterious half-human, half-supernatural Yokai warrior, in this challenging action RPG sequel. Explore violent Sengoku-era Japan and the deadly Dark Realm, both plagued with grotesque, merciless demons. Unsheathe your deadly weapons and cut down all enemies in your path using a revamped combat system and the ability to transform into a full Yokai to unleash devastating paranormal powers.",Team NINJA,"Role-playing (RPG), Hack and slash/Beat 'em up, Adventure",4.3,699000,,,,,,
88,Lego Star Wars: The Skywalker Saga,2022,"Lego Star Wars: The Skywalker Saga is a third-person action-adventure with an open world hub. Unlike previous Lego games in which players had to advance through the story in a linear order, players can now choose to start the game from any of the main Skywalker Saga episodes and complete them in any order they wish. Each episode has their own hub filled with planets featured prominently in each respective film that can be visited and explored. Each episode will have five story missions each, a total of 45 levels. Combat has also been revamped, such as lightsaber fights now involving a variety of combos with light attacks, heavy attacks, and Force moves, and blaster characters having an over-the-shoulder camera angle featured in many third-person shooter games. Random encounters will also happen in the game's hub. For example, an Imperial Star Destroyer will suddenly jump out of hyperspace and send a fleet of TIE Fighters after the player. Players can choose to engage in dogfights with them or continue onward to progress the story. The game will have more than 200 playable characters, though TT Games has said that number will change.",Traveller's Tales,"Puzzle, Adventure",4.3,250000,,,,,,
89,Kena: Bridge of Spirits,2021,"Kena: Bridge of Spirits is a 2021 action-adventure video game developed and published by Ember Lab. The story follows Kena, a young spirit guide who uses her magical abilities to help deceased people move from the physical to the spirit world. The game is presented through a third-person perspective. The player uses Kena's staff for attacking enemies, and her pulse ability for defending against attacks. They are tasked with collecting small spirit companions known as the Rot, who help to complete tasks and battle against enemies.",Ember Lab,"Role-playing (RPG), Adventure, Indie",4.7,170000,,,,,,
90,Dungeons & Dragons: Dark Alliance,2021,"Set in the Forgotten Realms, the game features real-time combat and dynamic co-op gameplay, and pits the infamous Drizzt Do'Urden and his legendary companions – Catti-brie, Bruenor, and Wulfgar – against some of the most iconic monsters from the world of Dungeons & Dragons. Frost Giants, Beholders, and White Dragons roam the frozen tundra of Icewind Dale in search of the Crystal Shard— and it's up to the companions to muster the strength to stop them from claiming and using it to destroy their home.",Tuque Games,Role-playing (RPG),2.7,140000,,,,,,
91,Just Cause 3,2015,"The Mediterranean republic of Medici is suffering under the brutal control of General Di Ravello, a dictator with an insatiable appetite for power. Enter Rico Rodriguez, a man on a mission to destroy the General’s hold on power by any means necessary. With over 400 square miles of complete freedom from sky to seabed and a huge arsenal of weaponry, gadgets and vehicles, prepare to unleash chaos in the most creative and explosive ways you can imagine.",Avalanche Studios,Adventure,4.5,250000,,,,,,
92,Watch Dogs,2014,"Set in Chicago, where a central network of computers connects everyone and everything, Watch Dogs explores the impact of technology within our society. Using the city as your weapon, you will embark on a personal mission to inflict your own brand of justice. Chicago's overarching network is known as the Central Operating System (ctOS), and it controls almost all of the city's technology and information - including key data on all of the city's residents.",Ubisoft Montreal,"Shooter, Adventure",4,749000,,,,,,
93,Gran Turismo 7,2022,"Gran Turismo 7 is a racing game developed by Polyphony Digital and published by Sony Interactive Entertainment. The game was released for PlayStation 5, and PlayStation 4 in 2022. The eighth mainline installment in the Gran Turismo series, the game brings the return of the GT Simulation Mode and features the return a variety of modes such as Special Events, Championships, Driving School, Tuning Parts Shop, Used Cars dealership, and GT Auto while still retaining the new GT Sport Mode, Brand Central, and Discover.",Polyphony Digital,"Racing, Simulation",4.6,1029000,,,,,,
94,Aliens: Fireteam Elite,2021,"Set in the iconic Alien universe, Aliens: Fireteam Elite is a cooperative 3rd-person survival shooter that drops your fireteam of hardened marines into a desparate fight to contain the evolving Xenomorph threat. Create and customize your own Colonial Marine, choosing from an extensive variety of classes, weapons, gear and perks, battling overwhelming odds in this heart-pounding survival shooting experience.",Cold Iron Studios,"Shooter, Role-playing (RPG)",4,249000,,,,,,
95,Injustice: Gods Among Us Ultimate Edition,2013,"A completely separate beast from its big console counterpart, Injustice: Gods Among Us for mobile is a fighting game that can unlock features in the console versions.",Warner Bros. Studios,"Fighting, Arcade",4.5,136000,,,,,,
96,Pac-Man World Re-Pac,2022,"With polished graphics, enhanced gameplay, and updated features, Pac-Man World Re-Pac is action/platforming fun for both experienced Pac-fans and new Pac-thusiasts the world over!",NOW Production,"Platform, Adventure, Arcade",4.5,249000,,,,,,
97,Ni no Kuni II: Revenant Kingdom,2018,"The sequel to Ni no Kuni being developed for Windows and PlayStation 4. Players control Evan Pettiwhisker Tildrum, a young king who was usurped from his castle and sets out to reclaim his kingdom. While players can freely navigate Evan throughout the game's open world, other characters can be controlled during battles against enemies. During these battles, players use magical abilities and elemental creatures known as ""Higgledies"", which are used to cast spells.",LEVEL-5,"Role-playing (RPG), Adventure",4.5,680000,,,,,,
98,Life is Strange: True Colors,2021,"Life is Strange is a series of award-winning and critically-acclaimed narrative adventure games. Discover a universe where everyday heroes wield supernatural powers, while dealing with real challenges, real relationships, and real emotions. It's our world... with a twist of the strange. No matter your choices, the experience will stay with you forever. Deep in the mountains of Colorado, you'll find Haven Springs, a small mining town filled with beauty and mystery. As Alex, you'll discover the shocking secrets behind your brother’s death in an emotional roller-coaster of an adventure, using your psychic power of Empathy to change fate and change lives.",Deck Nine,Adventure,4.2,264000,,,,,,
99,Capcom Fighting Collection,2022,"Capcom Fighting Collection is a compilation of arcade versions of ten fighting games originally developed and published by Capcom. It adds new features to the original games such as online play with rollback netcode, training and spectator modes, save states, concept art, design documents, and a music player.",Capcom,"Fighting, Puzzle, Arcade",4,344000,,,,,,
100,Jurassic World Evolution 2,2021,"Jurassic World Evolution 2 is the much-anticipated sequel to Frontier’s ground-breaking 2018 management simulation, Jurassic World Evolution, offering an all new narrative campaign voiced by cast members from across the Jurassic World film franchise, exciting new features, four engaging game modes, and an expanded roster of awe-inspiring dinosaurs.",Frontier Developments,"Simulator, Strategy",4.1,449000,,,,,,
101,Nickelodeon Kart Racers 3: Slime Speedway,2022,"Rebuilt and re-imagined from the ground up, Nickelodeon Kart Racers returns - bigger and better than ever! Featuring a fully voice-acted cast of over 40 iconic characters, drift, slide, and boost your way to the finish line on tracks inspired by legendary Nickelodeon shows like SpongeBob SquarePants, Teenage Mutant Ninja Turtles, Avatar: The Last Airbender, and more!",Bamtang Games,"Racing, Sport, Arcade",3,649000,,,,,,
102,Crash Drive 3,2021,"Experience ridiculous fun in this cross-platform multiplayer, free-roaming game! Drive monster trucks, tanks and more amazing vehicles across a huge open world. Level up, play events, earn cash, unlock new cars and discover secrets.... Crash Drive is back! COMPETITIVE EVENTS Destroy a gigantic beach ball, catch robbers as a cop or steal the king's crown, these are just a few examples of the 10 fun game events this game has to offer. Participate in these random competitive events, beat your opponents to earn the most cash and buy awesome new cars or customisations. CRAZY CAR LEVELING By using nitro boosts you increase the car’s nitro capacity, by driving at top speed you increase its top speed... catch the drift? ‘Maxing’ all stats for a car increases your player level allowing you to buy new cars or customisations. Collect over 50+ vehicles and customise your car with funky antennas, boosts and unique number plates with your in-game name on it. Reach the maximum player level to prestige and show who is the real Crash Drive 3 boss! Solid golden car anyone? OPEN WORLD EXPLORATION To the moon and back! Drive around freely and explore the boundless and varied open world at your leisure. Fly a rocket to the moon, storm the king’s castle in the forest, go to the saloon in the wild west canyons or experience ice drifting fun in the arctic snow. Done with icy cold? How about a relaxing ferry trip to the tropics? Each area is unique and filled with secret areas, collectibles…",M2H,"Racing, Simulator, Sport, Indie, Arcade",4.3,265000,,,,,,
103,Destiny,2014,"Bungie has emphasized that the universe of Destiny will be ""alive"". Events may happen in-game that are not necessarily controlled or planned by the developer, which will help to create a dynamic developing experience for Bungie and a dynamic playing experience for gamers. The game's style has been described a first-person shooter that will incorporate massively multiplayer online game (MMO) elements, but Bungie has avoided defining Destiny as a traditional MMO game. Instead, the game has been referred to as a ""shared-world shooter,"" as it lacks many of the characteristics of a traditional MMO game. For instance, rather than players being able to see and interact with all other players in the game or on a particular server—as is the case in many conventional MMO games—Destiny will include on-the-fly matchmaking that will allow players to see and interact only with other players with whom they are ""matched"" by the game. Destiny will incorporate a new game engine that allows global illuminations and real-time dynamic lighting to occur together. An innovation in Bungie's ""hopper"" technology, which has been the backbone for Halo's matchmaking system, will allow better player matchmaking in order to create a more natural experience in either cooperative or competitive multiplayer modes.",Bungie,"Shooter, Role-playing (RPG)",4.3,422092,,,,,,
104,Dragon Quest X Offline,2022,"Set for release in 2022, Dragon Quest X Offline is a stand-alone singleplayer remake of the 2012 MMORPG title Dragon Quest X Online.",Square Enix Creative Business Unit II,Role-playing (RPG),5,510300,,,,,,
105,Watch Dogs: Legion,2020,"In Watch Dogs: Legion, near future London is facing its downfall... Unless you do something about it. Build a resistance, fight back, and give the city back to the people. It's time to rise up.",Ubisoft Toronto,"Shooter, Role-playing (RPG), Adventure",3.6,749000,,,,,,
106,Need for Speed: Heat,2019,"Hustle by day and risk it all at night in Need for Speed Heat, a white-knuckle street racer, where the lines of the law fade as the sun starts to set. By day, Palm City hosts the Speedhunter Showdown, a sanctioned competition where you earn Bank to customize and upgrade your high-performance cars. At night, ramp up the intensity in illicit street races that build your reputation, getting you access to bigger races and better parts. But stay ready – cops are waiting and not all of them play fair",Ghost Games,"Racing, Sport, Adventure",3.9,554000,,,,,,
107,NHL 23,2022,NHL 23 is an ice hockey simulation video game developed by EA Vancouver and published by EA Sports. It is the 32nd instalment in the NHL video game series,EA Vancouver,Sport,1.7,500000,,,,,,
108,Chernobylite,2021,"Chernobylite is a science-fiction survival horror experience, mixing the free exploration of its disturbing world with challenging combat, unique crafting, and non-linear storytelling. Play as a physicist, one of the Chernobyl Power Plant's ex-employees, and investigate the mysterious disappearance of your beloved. Try to survive and reveal the contamination zone's twisted secrets. Remember, the military presence is not your only concern. Get ready for a thrilling adventure of survival, conspiracy, horror, love, and obsession. One that will prove to you that it's not about how you face your fears, it's about how you survive them.",The Farm 51,"Shooter, Role-playing (RPG), Simulator, Adventure",3.9,154230,,,,,,
109,Cursed to Golf,2022,"Cursed to Golf is a golf-like adventure where every shot counts. Players are tasked with making it out of Golf Purgatory to become a Golfing Legend. With insane hazards, otherworldly power-ups and tons of replayability, will you make it back alive or will you forever be… Cursed to Golf!?",Chuhai Labs,"Puzzle, Sport, Adventure, Indie, Arcade",3.5,265000,,,,,,
110,MLB The Show 22,2022,"Experience faster, deeper and more intense moment-to-moment match action on the field, with a variety of game modes for all you rookie players and returning seasoned vets. Every pitch. Every hit. Every win. Make your mark and Own The Show in MLB The Show 22.",SIE San Diego Studio,"Simulator, Sport",3,1328000,,,,,,
111,Outland,2011,"An action platformer with a combat/interactivity system based on polarity, Outland focuses on a hero who can switch between light and dark forms, an ability he'll need to exploit in order to destroy monsters and avoid attacks. He'll take damage from opposite-colored bullets but will be impervious to those of the same polarity. He'll also only be able to control objects that match his polarity. By switching between forms, he will be able to solve platforming puzzles and crush enemies in this mysterious new land he finds himself in.",Housemarque,"Platform, Strategy, Adventure, Indie",4.2,141105,,,,,,
112,Are You Smarter Than a Fifth Grader?,2022,"Are You Smarter Than a Fifth Grader? is a party, multiplayer video game developed by Massive Miniteam and published by HandyGames. The game was released in 2022 for the PlayStation 5, Xbox X/S, Nintendo Switch, PC, PlayStation 4, and Xbox One. Based on the popular television show of the mid-2000s, Are You Smarter Than a Fifth Grader? tests players' knowledge in this massively charming couch co-op game with over 6800 fully voiced questions on 24 different subjects.",Massive Miniteam,"Party, Multiplayer",4.1,429000,,,,,,
113,The Quarry,2022,"It's late summer in the remote forests of upstate New York, and the teen counselors of Hackett's Quarry have the camp to themselves for one final night. That means no kids, no adults, and no rules. In this thrilling cinematic tale, you control the fates of all nine camp counselors as their party plans unravel into an unpredictable night of horror. With life-or-death decisions around every turn, the choices you make will determine how the story unfolds.",Supermassive Games,Adventure,3.9,591600,,,,,,
114,The Dark Pictures Anthology: House of Ashes,2021,"House of Ashes is the third game in the The Dark Pictures Anthology and a series of standalone, cinematic branching horror games where the decisions you make in the game determine the story and the outcome you receive. At the close of the Iraq War, Special Forces hunting for weapons of mass destruction unearth something far deadlier – a buried Sumerian temple containing a nest of unearthly creatures. To survive the night below, they must forge a brotherhood with their enemies from the world above.",Supermassive Games,Adventure,4.3,276000,,,,,,
115,Neo: The World Ends with You,2021,"Explore a stylized recreation of Shibuya, as you take on the role of Rindo to battle for survival and unravel the mysteries of the deadly “Reaper’s Game” in this new Action RPG and follow-up to the classic RPG hit ""The World Ends with You.""",Square Enix Creative Business Unit I,"Role-playing (RPG), Hack and slash/Beat 'em up",4,248000,,,,,,
116,Spelunky 2,2020,"Spelunky 2 is a platform game developed and published by Mossmouth. The game was released for PlayStation 4 and PC in 2020 and for Nintendo Switch in 2021. Sequel to Spelunky, the player assumes control of Ana, the daughter of the explorer from the first game, who must navigate through deadly caves filled with enemies and traps on the Moon in order to find her missing parents.",Mossmouth,Platform,4.6,265000,,,,,,
117,Orcs Must Die! 3,2020,"Orc Must Die! 3 ushers orc-slaying mayhem to a previously unimaginable scale. All new War Scenarios pit players and their friends against the largest orc armies ever assembled. Mountable War Machines give players the essential firepower to heave, stab, carbonize, and disarticulate the abominable intruders. Orcs Must Die! 3 is the long-awaited successor to the award-winning series.",Robot Entertainment,"Shooter, Puzzle, Strategy, Adventure, Indie",4,395000,,,,,,
118,Sniper Elite 5,2022,"The latest instalment in the award-winning series, Sniper Elite 5 offers unparalleled sniping, tactical third-person combat and an enhanced kill cam. Fight your way across the most immersive maps yet, with many real-world locations captured in stunning detail, and an improved traversal system that lets you explore more of them than ever before. France, 1944 – As part of a covert US Rangers operation to weaken the Atlantikwall fortifications along the coast of Brittany, elite marksman Karl Fairburne makes contact with the French Resistance. Soon they uncover a secret Nazi project that threatens to end the war before the Allies can even invade Europe: Operation Kraken.",Rebellion,"Fighting, Shooter, Simulator, Adventure",3.4,525000,,,,,,
119,Cult of the Lamb,2022,"Cult of the Lamb casts players in the role of a possessed lamb saved from annihilation by an ominous stranger, and must repay their debt by building a loyal following in his name. Start your own cult in a land of false prophets, venturing out into diverse and mysterious regions to build a loyal community of woodland worshippers and spread your Word to become the one true cult.",Massive Monster,"Role-playing (RPG), Simulator, Strategy, Hack and slash/Beat 'em up, Adventure",4.2,330000,,,,,,
120,JoJo's Bizarre Adventure: All Star Battle,2013,"Based on Hirohiko Araki's long-running manga series JoJo' s Bizarre Adventure, the game allows players to compete against each other using 40 characters taken from the first eight story arcs, as well as one guest character from another manga also created by Araki. The game was released in Japan on August 29, 2013, and was released internationally in late April 2014.",CyberConnect2,"Fighting, Arcade",4.6,606670,,,,,,
121,Shadow Warrior 3,2022,"Shadow Warrior 3 launches the offbeat first-person shooter series to the next level with a seamless blend of fast-paced gunplay, razor-shamelee combat, and a spectacular free-running movement system.",Flying Wild Hog,"Shooter, Role-playing (RPG), Adventure, Indie, Arcade",3.7,525000,,,,,,
122,Metro Redux,2014,"Metro 2033 is a 2010 first-person shooter survival horror video game developed by 4A Games and published by THQ. The story is based on Dmitry Glukhovsky's novel of the same name, where survivors of a nuclear war have taken refuge in the Metro tunnels of Moscow. Players control Artyom, a man who must save his home station from the dangers lurking within the Metro. In the game, players encounter human and mutant enemies, who can be killed with a variety of firearms. Players must also wear a gas mask to explore areas covered in fallout radiation, both underground and on the surface. ",,,4.3,140000,,,,,,
123,Ghostrunner,2020,"Ascend humanity’s last remaining shelter, a great tower-city. The tower is torn by violence, poverty and chaos. Conquer your enemies, discover the secrets of the superstructure and your own origin and obtain the power to challenge The Keymaster.",One More Level,"Shooter, Platform, Adventure",3.7,498000,,,,,,
124,Titanfall 2,2016,"Strap in and prepare for liftoff in , an adrenaline-fueled FPS that seamlessly blends frenetic gunplay with epic mech battles. Experience the game's gripping single-player campaign, where pilot Jack Cooper and his loyal Titan form an unbreakable bond against overwhelming odds. With its refined multiplayer modes and polished gameplay mechanics,  has cemented the series' place as a force to be reckoned with in the world of first-person shooters.",Respawn Entertainment,"Shooter, Adventure",4.8,468563,,,,,,
125,Grid Legends,2022,"What does it take to become a racing legend? Welcome to Grid Legends: a high-stakes driving experience that combines thrilling unpredictable motorsport, incredible race variety, and an immersive driving story that puts you at the heart of the action.",Codemasters,"Racing, Simulator, Sport",3.9,937283,,,,,,
126,WWE 2K22,2022,"WWE 2K returns with all the features you can handle in WWE 2K22, the twenty-sixth professional wrestling game in the WWE game franchise and the ninth game in the WWE 2K series! Get ripped out of the stands and hit with complete control of the WWE Universe. Throw down with the biggest and most realistic-looking WWE Superstars and Legends. Relive pivotal moments in Rey Mysterio's iconic career in 2K Showcase. Hitting this hard has never been so easy!",Visual Concepts,"Fighting, Simulator, Sport",4,765600,,,,,,
127,Cris Tales,2021,"Discover a unique combination of branching stories, innovative combat, and classic RPG gameplay in Cris Tales’ exciting and unforgettable exploration of how our actions echo through time. Join the newly awakened Time Mage, Crisbell, and her fantastical companions in a fantasy world facing a grim future. The powerful Time Empress and her forces threaten to bring about a cataclysm tearing apart Crystallis and the other four Kingdoms of the region.",SYCK,"Role-playing (RPG), Adventure, Indie",3.3,244000,,,,,,
128,Tribes of Midgard,2021,"The Giants are coming! Form a tribe with up to 10 players and grow your Village to face deadly spirits and gigantic brutes hel-bent on bringing on the end of the world in this game with a unique blend of action, survival, and roguelite elements.",Norsfell,"Fighting, Role-playing (RPG), Adventure, Indie",3.9,265000,,,,,,
129,Life Is Strange 2,2018,The long awaited sequel to the award winning Life is Strange returns with a new 5-part narrative adventure from DONTNOD Entertainment.,Feral Interactive,Adventure,4.1,410000,,,,,,
130,The Artful Escape,2021,"On the eve of his first performance, Francis Vendetti battles with the legacy of a dead folk legend and the cosmic wanderings of his own imagination. In this 2D adventure platformer, Francis, a teenage guitar prodigy, sets out on a psychedelic, multidimensional journey to inspire his stage persona.",Beethoven & Dinosaur,"Music, Platform, Adventure, Indie",4.7,265000,,,,,,
131,Mortal Shell,2020,"Mortal Shell is a ruthless and deep action-RPG that tests your sanity and resilience in a shattered world. Your adversaries spare no mercy, with survival demanding superior awareness, precision and instincts. Possess lost warriors, track down hidden sanctums of the devout, and face formidable foes. ""Awakening as an empty vessel, you will enter into a shattered and twisted world where the remains of humanity wither and rot. Implored to do the bidding of the mysterious “Dark Father”, you must traverse this tattered landscape and track down hidden sanctums of devout followers. There, in Mortal Shell’s most hallowed grounds, you must overcome formidable foes and harvest the sacred glands. You won’t be truly alone when the dead litter your path: Scattered across this land are the remnant anima of lost warriors who can be inhabited to gain their unique abilities and knowledge of weapons. The Dark Father is desperate for you to complete your task — but to what end? Discover “Shells” to Suit Your Playstyle - The lost remains of defeated warriors are yours to unearth. Awaken these Mortal Shells, occupy their bodies and significantly widen your understanding of different forms of combat. Inhabit a Shell that best fits your style and utilizes their own unique mastery of skills and weapon upgrades. Iron Sharpens Iron - Combat is strategic and deliberate. Survival demands superior awareness, precision and instincts. You must commit your sword only when an opportunity opens. Calculate your parries to unleash devastating counterblows. Non-linear Campaign - Draw your own path across marsh-infested lowlands, through a gargantuan cathedral of obsidian rock, and into an ancient crypt frozen into the crest of a mountain. Deep Upgrade Paths - The stronger your connection to each Mortal Shell grows, the better you can harness their innate talents. Craft unique upgrades, sharpen your blade with acid, and study dark arcane abilities that imbue your attacks with supernatural devastation. Face Haunting Foes - Your path is guarded by desperate adversaries, devoted to inscrutable gods. Behold creatures both pitiable and grotesque, but do not let fear halt your journey. Muster your courage and face them down. Developed by AAA Veterans - Mortal Shell has been developed by a coalition of seasoned veterans with an unbridled passion for the soulslike genre.""",Cold Symmetry,"Role-playing (RPG), Indie",3.9,399000,,,,,,
132,Riders Republic,2021,"Jump into the Riders Republic massive multiplayer playground! Bike, ski, snowboard, or wingsuit across an open world sports paradise. Join a massive multiplayer community and participate in an avalanche of diverse activities in real time with others!",Ubisoft Annecy,"Racing, Simulator, Sport",4.1,749000,,,,,,
133,Samurai Warriors 5,2021,"Experience exhilarating action set in a dramatic historical setting in SAMURAI WARRIORS 5. As the latest numbered entry in the SAMURAI WARRIORS franchise, the story, characters, and visuals have been re-imagined to set the stage for a thrilling new series. The story takes place after the Ōnin War during the golden age of the Sengoku period, and features a story that centers on the lives of two of the most representative military commanders of this era: Nobunaga Oda and Mitsuhide Akechi.",Omega Force,"Hack and slash/Beat 'em up, Adventure",4,550000,,,,,,
134,Grand Theft Auto: The Trilogy-The Definitive Edition,2021,"Grand Theft Auto: The Trilogy – The Definitive Edition is a compilation remaster of Grand Theft Auto III, Grand Theft Auto: Vice City, and Grand Theft Auto: San Andreas developed by Grove Street Games and published by Rockstar Games. The game was released for PlayStation 5, Xbox X/S, Nintendo Switch, PC, PlayStation 4, and Xbox One. The game features visual enhancements and gameplay upgrades including a rebuilt lighting system, upgraded vehicle and character models, new navigation and heads-up display designs, and improved shadows, reflections, and draw distances.  ",Grove Street Games,"Action, Adventure",2.5,699000,,,,,,
135,Mafia 3,2016,"It’s 1968 and the rules have changed. After years in Vietnam, Lincoln Clay knows this truth: Family isn’t who you’re born with, it’s who you die for.",Hangar 13,"Shooter, Racing, Adventure",3.9,453000,,,,,,
136,LEGO Marvel Super Heroes,2013,"Lego Marvel Super Heroes is a 2013 Lego-themed action-adventure video game developed by Traveller's Tales and published by Warner Bros. Interactive Entertainment for the PlayStation 3, Xbox 360, Wii U, PlayStation 4, Xbox One, Nintendo Switch, and Microsoft Windows, and published by Feral Interactive for OS X. The game features gameplay similar to other Lego titles, such as Lego Star Wars: The Complete Saga and Lego Batman 2: DC Super Heroes, alternating between various action adventure sequences and puzzle solving scenarios. The handheld version of the game by TT Fusion was released under the title Lego Marvel Super Heroes: Universe in Peril for iOS, Android, Nintendo DS, Nintendo 3DS and PlayStation Vita. A Nintendo Switch version was released on October 8, 2021.",Traveller's Tales,"Puzzle, Hack and slash/Beat 'em up, Adventure",3.2,246000,,,,,,
137,Destiny 2,2017,"Dive into the world of Destiny 2 to explore the mysteries of the solar system and experience responsive first-person shooter combat. Unlock powerful elemental abilities and collect unique gear to customize your Guardian's look and playstyle. Enjoy Destiny 2’s cinematic story, challenging co-op missions, and a variety of PvP modes alone or with friends. Download for free today and write your legend in the stars.",Bungie,"Shooter, Role-playing (RPG), Adventure",3.9,345000,,,,,,
138,Back 4 Blood,2021,"Back 4 Blood is a thrilling cooperative first-person shooter from the creators of the critically acclaimed Left 4 Dead franchise. You are at the center of a war against the Ridden. These once-human hosts of a deadly parasite have turned into terrifying creatures bent on devouring what remains of civilization. With humanity’s extinction on the line, it’s up to you and your friends to take the fight to the enemy, eradicate the Ridden, and reclaim the world.",Turtle Rock Studios,Shooter,3.1,790000,,,,,,
139,Pocky & Rocky,1992,"Pocky & Rocky is a 1992 scrolling shooter video game developed and published by Natsume for the Super Nintendo Entertainment System (Super NES). It is the sequel to Taito's 1986 arcade game KiKi KaiKai. Pocky & Rocky follows the adventures of a young Shinto shrine maiden, Pocky, and her new tanuki companion, Rocky, as they attempt to save a group of goblins from evil forces. Gameplay takes place from a top-down perspective and features both single-player and cooperative modes. ","Natsume Co., Ltd.",Shooter,4.5,463000,,,,,,
140,PGA Tour 2K23,2022,"Hit the links with more swagger in PGA Tour 2K23. Now featuring playable male and female pros, including Tiger Woods, new licensed courses, more control options, an authentic PGA Tour MyCareer, Course Designer, and new MyPlayer Skills and Archetypes! PGA Tour 2K23. More Golf. More Game.",HB Studios,"Role-playing (RPG), Simulator, Sport",2,295000,,,,,,
141,MultiVersus,2022,"MultiVersus is a free-to-play multiplayer fighting game developed by Player First Games and published by Warner Bros. Interactive Entertainment. The game was released for PlayStation 5, Xbox X/S, PC, PlayStation 4, and Xbox One in 2022. The game features various characters within the Warner Bros. Discovery catalog, including those from Warner Bros., DC Comics, HBO, Turner Entertainment, Adult Swim and Cartoon Network and have players battle on different stages and attempt to knock their opponents outside the boundaries of the arena.  ",Player First Games,"Fighting, Multiplayer",3,829000,,,,,,
142,Midnight Fight Express,2022,"Fight your way across the city in a brutal romp that mixes old school brawlers and fast-paced motion-captured combat. You’re Babyface, a former member of the criminal underworld lured back into “the life” by a mysterious AI drone. Your mission against impossible odds: Fight your way across the city before sunrise, and prevent a citywide criminal takeover together.",Jacob Dzwinel,"Fighting, Shooter, Hack and slash/Beat 'em up, Adventure, Indie",4,110000,,,,,,
143,Severed Steel,2021,"Severed Steel is a stylish and visceral single-player FPS featuring a fluid stunt system, destructible voxel environments, loads of bullet time, a unique one-armed protagonist, and a dark electronic soundtrack.",Greylock Studio,"Shooter, Indie",3.8,330000,,,,,,
144,The Stanley Parable: Ultra Deluxe,2022,"The Stanley Parable: Ultra Deluxe is an expanded re-imagining of 2013's The Stanley Parable. You will play as Stanley, and you will not play as Stanley. You will make a choice, and you will become powerless. You are not here to win. The Stanley Parable is a game that plays you.",Crows Crows Crows,"Simulator, Adventure",4.8,391352,,,,,,
145,Call of Duty: Vanguard,2021,"This is WWII combat like never before. Witness the origins of Special Forces as you play a pivotal role and change the face of history, forming Task Force One in a gripping Campaign across four major theaters of war. Become an original Special Forces Operator in an online Multiplayer rich in innovation with 20 maps available at launch. Prepare for a franchise-first, universe-expanding Zombies crossover. Immerse yourself in a fully integrated Call of Duty: Warzone experience featuring a new and massive map. This is the most connected Call of Duty ever, all powered by the next generation Call of Duty engine introduced in Modern Warfare. This is Call of Duty: Vanguard.",Sledgehammer Games,Shooter,2.5,1025000,,,,,,
146,Sonic Origins,2022,"Celebrate the games that started it all. Sonic Origins is a brand new collection including Sonic the Hedgehog, Sonic CD, Sonic the Hedgehog 2, and Sonic 3 & Knuckles. Play as Sonic, Tails, & Knuckles and immerse yourself in the fully remastered gameplay, tie the games together with all new animations, explore added features, modes, and more. The versions of Sonic the Hedgehog, Sonic the Hedgehog 2 and Sonic CD in this compilation are ports of the remasters previously released for mobile, platforms, with the added Drop Dash ability from Sonic Mania. The Sonic the Hedgehog 3 & Knuckles version is brand new for this compilation, and is also a remaster in the same way that the other titles, also adding the Drop Dash ability. This version had part of its soundtrack changed, swapping the songs for those present in the PC port of the Sonic & Knuckles Collection.",Sega,"Platform, Adventure",4.1,595000,,,,,,
147,Madden NFL 22,2021,"Madden NFL 22 is where gameday happens. All-new features in Franchise include staff management, an enhanced scenario engine, and weekly strategy. Share avatar progress and player class between Face of The Franchise and The Yard with unified progression. And for the first time ever in Ultimate Team, adjust Superstar X-Factors at halftime.",EA Orlando,Sport,1.6,190000,,,,,,
148,Minecraft Dungeons,2020,"""Brave the dungeons alone, or team up with friends! Up to four players can battle together through action-packed, treasure-stuffed, wildly varied levels, all in an epic quest to save the villagers and take down the evil Arch-Illager! Discover new weapons and items that will help you defeat a ruthless swarm of new-and-nasty mobs. Fight or flee through canyons, swamps and – of course – mines! Any adventurer brave or foolish enough (or a bit-of-both!) to explore this blocky and beautiful world will need to come prepared. So quickly, gear up!""",Mojang Studios,"Role-playing (RPG), Hack and slash/Beat 'em up, Adventure",4.4,219000,,,,,,
149,Demon Slayer: Kimetsu no Yaiba-The Hinokami Chronicles,2021,"Demon Slayer: Kimetsu no Yaiba – The Hinokami Chronicles is a 3D fighting game developed by CyberConnect2 and published by Sega. Based on the 2019 anime adaptation of Koyoharu Gotouge's manga series, Demon Slayer: Kimetsu no Yaiba, the game was released for PlayStation 5, Xbox X/S, PC, PlayStation 4, and Xbox One in 2021. Adapting the events of the first season of the anime series and Demon Slayer: Kimetsu no Yaiba the Movie: Mugen Train, the game's single player story mode follows Tanjiro Kamado, as he joins the Demon Slayer Corps and faces off against various demons in order to turn his demon sister Nezuko back into a human.  ",CyberConnect2,"Anime, Fighting",4.3,749000,,,,,,